1.00E+00,0.00E+00,9.19E+01
2,0,
3,0,
7,0,
8,0,
9,1,
10,0,
12,1,
13,0,
14,0,
16,0,
17,0,
18,1,
19,0,
20,0,
22,0,
23,0,
24,0,
26,1,
28,0,
29,0,
30,0,
31,0,
32,0,
33,0,
34,0,
35,0,
36,0,
37,1,
38,0,
39,0,
40,0,
41,0,
42,1,
43,0,
44,0,
45,0,
46,0,
47,1,
48,0,
49,0,
50,0,
51,0,
52,0,
53,0,
54,0,
55,0,
56,1,
57,0,
59,0,
60,0,
61,1,
62,0,
63,1,
64,0,
65,0,
66,0,
68,0,
69,0,
70,1,
71,0,
72,0,
73,0,
74,1,
75,0,
76,0,
77,0,
78,0,
79,0,
80,0,
81,0,
83,0,
84,0,
85,0,
86,0,
87,0,
88,1,
89,0,
90,0,
91,0,
92,0,
93,1,
94,1,
96,0,
97,0,
98,0,
99,0,
100,0,
101,0,
102,0,
103,0,
104,1,
105,0,
106,0,
107,1,
108,1,
109,0,
110,0,
111,0,
113,0,
114,0,
115,0,
116,1,
117,0,
118,0,
119,0,
120,1,
121,1,
122,0,
124,0,
126,0,
127,0,
128,0,
130,1,
131,0,
132,0,
133,0,
134,0,
135,0,
136,1,
137,0,
139,0,
140,0,
141,0,
142,0,
143,1,
144,0,
145,0,
146,1,
147,0,
148,0,
149,0,
150,0,
152,0,
153,1,
154,0,
155,0,
156,1,
157,0,
158,0,
159,0,
160,1,
162,1,
163,0,
164,0,
165,0,
166,1,
168,1,
169,1,
170,1,
172,0,
173,0,
174,0,
176,0,
177,0,
178,0,
179,0,
180,0,
181,0,
182,0,
183,1,
184,0,
185,1,
186,1,
187,1,
189,0,
190,1,
191,1,
192,0,
194,0,
195,0,
196,0,
197,1,
198,0,
199,0,
200,1,
201,1,
202,1,
204,0,
205,0,
206,0,
208,0,
209,1,
210,0,
211,0,
212,0,
213,0,
214,0,
215,0,
216,1,
217,0,
218,1,
219,0,
221,1,
223,0,
224,0,
225,0,
226,1,
229,0,
230,0,
231,0,
232,1,
233,0,
234,0,
235,0,
236,0,
237,1,
238,0,
239,1,
242,0,
243,0,
244,0,
245,0,
246,0,
247,0,
249,0,
250,1,
252,0,
254,0,
255,1,
256,0,
257,0,
258,0,
259,0,
260,1,
261,0,
262,0,
263,1,
264,0,
265,1,
267,1,
268,0,
269,0,
270,1,
271,0,
272,0,
273,0,
274,0,
275,0,
276,0,
277,0,
278,1,
279,0,
280,0,
281,1,
282,0,
283,0,
284,0,
285,0,
286,0,
287,1,
288,1,
290,1,
291,0,
292,0,
293,1,
294,0,
295,0,
296,0,
297,1,
298,0,
299,1,
300,0,
302,1,
303,1,
304,0,
306,0,
307,0,
308,0,
310,0,
311,0,
312,0,
313,0,
314,0,
315,0,
317,1,
318,1,
319,0,
320,1,
321,0,
322,0,
323,1,
325,1,
327,1,
328,0,
329,1,
330,0,
331,0,
332,0,
333,1,
334,0,
335,0,
336,0,
337,0,
339,0,
340,1,
342,0,
343,0,
344,0,
345,1,
346,1,
347,0,
348,1,
349,0,
350,0,
351,0,
352,0,
353,1,
354,1,
355,0,
356,0,
357,0,
360,0,
361,0,
363,0,
365,0,
366,1,
367,0,
369,1,
370,0,
371,0,
372,0,
373,1,
374,0,
375,1,
376,0,
378,0,
379,0,
380,0,
381,0,
382,0,
383,0,
384,0,
385,0,
388,0,
389,0,
390,1,
391,0,
392,0,
394,0,
395,0,
396,0,
397,0,
398,0,
399,0,
400,1,
401,0,
402,0,
403,0,
404,0,
405,1,
406,0,
407,0,
408,0,
409,1,
410,0,
411,0,
412,1,
413,0,
414,0,
416,0,
417,0,
418,1,
419,0,
420,0,
422,0,
423,1,
424,0,
425,1,
426,0,
428,1,
429,0,
430,0,
431,0,
433,0,
434,0,
435,1,
436,0,
437,1,
438,0,
439,1,
441,0,
442,0,
443,0,
445,0,
446,0,
447,0,
448,0,
450,1,
451,0,
453,1,
454,1,
455,0,
456,0,
457,1,
458,1,
459,1,
460,1,
461,0,
462,0,
463,0,
464,0,
465,0,
467,1,
468,0,
469,1,
470,0,
472,1,
473,1,
474,0,
475,0,
477,0,
478,0,
479,1,
480,0,
481,1,
482,0,
483,0,
484,1,
485,0,
486,0,
487,0,
488,0,
489,0,
490,1,
491,1,
492,1,
493,0,
494,0,
495,0,
497,0,
498,1,
499,0,
500,1,
501,0,
502,0,
504,0,
505,1,
506,0,
507,0,
508,0,
509,0,
510,0,
513,1,
514,0,
515,0,
516,1,
518,1,
519,1,
520,1,
521,0,
522,0,
523,0,
524,0,
525,1,
526,0,
527,0,
528,1,
529,1,
530,0,
531,0,
532,1,
533,0,
534,1,
535,1,
536,0,
537,0,
538,0,
541,1,
543,1,
544,0,
545,0,
546,0,
547,0,
549,0,
550,0,
551,0,
552,1,
553,0,
554,0,
555,0,
556,0,
557,0,
558,0,
559,1,
560,0,
561,0,
562,0,
563,0,
564,0,
565,0,
566,1,
568,1,
569,0,
570,1,
571,0,
572,0,
573,1,
576,1,
577,1,
578,0,
579,0,
580,1,
581,0,
582,0,
583,1,
584,0,
585,0,
587,0,
588,1,
589,0,
590,0,
591,0,
592,0,
593,0,
597,0,
598,0,
599,0,
601,0,
602,0,
603,0,
604,0,
605,1,
606,0,
607,0,
608,0,
609,0,
611,0,
612,0,
613,1,
614,0,
615,1,
616,0,
617,0,
618,0,
619,0,
620,0,
621,1,
622,0,
624,0,
626,0,
627,0,
628,0,
629,0,
630,0,
631,0,
633,0,
635,0,
636,0,
637,0,
640,0,
641,0,
642,0,
643,0,
644,1,
645,0,
646,1,
647,1,
648,0,
649,1,
651,0,
652,0,
653,0,
654,0,
655,0,
656,0,
657,1,
658,0,
659,1,
660,0,
661,1,
662,1,
664,1,
665,0,
666,0,
667,0,
668,1,
670,0,
671,1,
672,0,
674,0,
675,0,
676,0,
677,0,
678,0,
679,0,
680,0,
681,0,
682,0,
683,0,
684,1,
685,0,
686,1,
687,0,
688,0,
689,1,
690,1,
691,0,
693,0,
694,0,
696,0,
697,0,
698,0,
699,0,
700,0,
701,1,
702,0,
703,0,
704,0,
705,0,
706,0,
708,1,
709,0,
710,0,
712,1,
713,0,
715,1,
716,0,
717,0,
719,1,
721,0,
722,0,
723,1,
724,0,
725,0,
726,1,
727,0,
729,0,
732,0,
733,0,
735,0,
736,0,
737,0,
738,1,
739,0,
740,1,
742,0,
743,0,
744,0,
745,0,
746,0,
747,0,
749,0,
750,0,
751,0,
752,0,
753,0,
755,0,
756,0,
757,1,
758,0,
759,0,
760,1,
761,0,
763,0,
764,0,
765,0,
766,0,
767,1,
768,0,
769,1,
770,0,
771,0,
772,0,
773,1,
774,0,
775,0,
776,0,
777,0,
780,0,
781,0,
782,0,
783,1,
784,1,
786,0,
787,0,
788,0,
789,0,
790,1,
791,0,
792,0,
794,0,
795,0,
796,0,
798,0,
799,1,
800,1,
801,0,
802,0,
803,0,
804,0,
806,0,
807,0,
808,0,
809,0,
811,0,
812,0,
814,1,
815,0,
817,0,
818,0,
819,0,
820,0,
822,0,
823,0,
825,0,
826,0,
827,0,
828,0,
829,0,
830,0,
831,1,
832,1,
833,0,
834,1,
835,0,
836,0,
837,0,
838,0,
839,0,
840,0,
841,0,
842,1,
844,0,
845,0,
846,1,
847,1,
848,0,
849,0,
850,0,
851,0,
852,0,
853,0,
854,0,
855,1,
856,0,
857,0,
858,0,
859,0,
860,0,
861,0,
863,0,
864,0,
866,0,
867,0,
869,1,
870,1,
871,0,
872,0,
873,0,
874,1,
877,0,
878,1,
880,0,
881,0,
882,0,
883,0,
884,0,
885,0,
886,0,
887,1,
888,1,
889,0,
890,0,
891,0,
892,0,
894,0,
895,0,
896,0,
897,0,
898,0,
899,0,
900,1,
901,1,
902,0,
903,0,
904,0,
905,0,
906,0,
907,0,
908,0,
909,0,
910,0,
911,0,
914,0,
916,0,
917,0,
918,0,
919,0,
920,0,
921,0,
922,1,
923,0,
924,0,
925,0,
926,0,
927,0,
928,1,
929,1,
930,0,
932,0,
933,0,
934,0,
935,0,
936,1,
937,0,
938,0,
940,0,
941,0,
942,0,
943,0,
944,0,
945,0,
946,1,
947,0,
948,0,
950,0,
951,0,
953,0,
954,1,
955,0,
956,0,
957,0,
958,0,
959,0,
960,0,
961,0,
962,0,
963,0,
964,0,
965,0,
966,0,
967,0,
968,1,
969,0,
970,0,
971,0,
972,0,
973,0,
974,0,
975,0,
976,0,
977,1,
978,0,
979,0,
980,1,
981,0,
984,0,
986,1,
987,0,
988,1,
990,0,
991,0,
992,0,
993,0,
994,1,
995,0,
996,0,
997,1,
998,1,
999,1,
1000,1,
1001,0,
1002,0,
1003,0,
1004,0,
1005,0,
1006,0,
1007,0,
1008,0,
1009,0,
1010,1,
1011,0,
1012,0,
1013,0,
1014,0,
1015,0,
1016,0,
1017,0,
1018,0,
1019,0,
1020,0,
1021,0,
1022,1,
1023,0,
1024,0,
1025,0,
1026,0,
1027,0,
1028,0,
1030,1,
1032,0,
1033,1,
1034,0,
1035,0,
1037,0,
1038,0,
1039,0,
1040,0,
1041,0,
1042,0,
1043,1,
1044,0,
1045,0,
1046,0,
1047,0,
1048,0,
1049,0,
1050,0,
1052,1,
1053,0,
1054,0,
1055,0,
1056,0,
1057,0,
1058,0,
1059,0,
1061,0,
1062,0,
1063,0,
1066,0,
1067,1,
1068,0,
1069,0,
1070,1,
1072,0,
1073,0,
1074,0,
1076,0,
1077,0,
1078,0,
1079,0,
1081,0,
1082,0,
1083,0,
1084,0,
1086,0,
1087,0,
1088,0,
1089,0,
1090,1,
1091,0,
1092,0,
1093,0,
1095,1,
1096,0,
1097,0,
1098,1,
1099,1,
1101,1,
1102,1,
1103,0,
1104,1,
1105,0,
1106,0,
1107,0,
1108,0,
1109,0,
1110,0,
1111,0,
1112,0,
1113,0,
1115,0,
1116,1,
1117,1,
1118,1,
1119,0,
1120,0,
1121,0,
1122,0,
1123,0,
1125,1,
1126,0,
1127,1,
1128,0,
1129,0,
1130,0,
1131,1,
1132,0,
1134,0,
1136,0,
1137,1,
1138,0,
1139,0,
1141,0,
1142,0,
1143,0,
1144,0,
1145,1,
1146,0,
1150,0,
1151,0,
1152,0,
1154,0,
1155,0,
1156,0,
1157,1,
1158,1,
1159,0,
1160,0,
1161,1,
1162,1,
1163,0,
1165,0,
1166,0,
1168,1,
1169,0,
1170,0,
1171,0,
1172,0,
1173,1,
1174,0,
1175,0,
1176,0,
1177,0,
1178,0,
1179,0,
1180,0,
1181,0,
1182,1,
1184,0,
1185,0,
1186,0,
1187,0,
1188,0,
1189,1,
1190,0,
1191,1,
1192,0,
1193,0,
1194,0,
1195,0,
1196,0,
1197,0,
1198,0,
1199,0,
1200,0,
1201,1,
1202,0,
1203,0,
1204,1,
1206,0,
1207,0,
1209,0,
1210,0,
1211,0,
1212,0,
1213,0,
1214,1,
1215,0,
1216,0,
1217,0,
1218,0,
1219,0,
1220,0,
1221,0,
1223,0,
1224,0,
1225,1,
1226,0,
1227,0,
1228,0,
1230,0,
1231,0,
1232,0,
1233,0,
1234,0,
1236,0,
1238,1,
1240,1,
1242,0,
1243,1,
1244,0,
1245,0,
1246,1,
1247,0,
1249,0,
1250,0,
1251,1,
1252,1,
1253,0,
1254,0,
1257,0,
1258,0,
1259,1,
1260,0,
1261,0,
1262,0,
1263,1,
1264,0,
1265,0,
1266,1,
1267,0,
1268,1,
1269,0,
1271,1,
1272,0,
1273,0,
1274,0,
1275,1,
1276,1,
1277,0,
1278,1,
1279,0,
1280,0,
1281,0,
1282,0,
1283,1,
1284,1,
1286,0,
1287,0,
1288,0,
1289,1,
1290,0,
1291,0,
1292,0,
1293,0,
1294,0,
1295,0,
1296,0,
1297,0,
1299,1,
1301,0,
1302,0,
1303,0,
1304,0,
1305,0,
1306,0,
1307,0,
1308,0,
1309,0,
1310,0,
1311,0,
1313,1,
1314,0,
1315,0,
1316,0,
1317,0,
1320,0,
1321,1,
1322,0,
1323,1,
1324,0,
1325,0,
1326,0,
1327,0,
1329,0,
1330,0,
1331,0,
1332,1,
1333,0,
1334,1,
1339,0,
1340,1,
1341,0,
1342,1,
1343,0,
1344,1,
1346,1,
1347,0,
1348,0,
1349,0,
1350,0,
1351,0,
1352,1,
1353,0,
1354,0,
1355,0,
1356,1,
1357,1,
1358,0,
1359,1,
1360,0,
1361,0,
1362,0,
1363,0,
1364,1,
1365,0,
1366,1,
1367,1,
1368,1,
1369,0,
1371,1,
1372,0,
1373,0,
1374,0,
1375,0,
1376,0,
1377,0,
1378,0,
1379,1,
1380,0,
1382,1,
1383,0,
1384,0,
1385,0,
1387,0,
1388,0,
1389,1,
1390,0,
1391,0,
1392,0,
1394,0,
1395,1,
1396,0,
1397,0,
1398,1,
1401,0,
1402,1,
1404,0,
1405,0,
1406,0,
1407,1,
1408,0,
1409,0,
1410,0,
1411,0,
1413,0,
1414,1,
1415,0,
1416,0,
1417,0,
1418,0,
1419,0,
1420,0,
1422,0,
1424,1,
1425,0,
1426,0,
1427,1,
1430,0,
1431,0,
1432,0,
1433,0,
1434,0,
1435,0,
1436,0,
1437,1,
1438,0,
1439,0,
1440,1,
1441,0,
1442,0,
1443,1,
1444,1,
1445,0,
1446,0,
1447,0,
1448,0,
1450,0,
1452,0,
1453,1,
1454,0,
1455,0,
1456,0,
1457,1,
1459,0,
1460,0,
1461,0,
1462,1,
1463,0,
1464,1,
1465,1,
1466,1,
1467,0,
1468,0,
1469,0,
1470,0,
1471,0,
1472,0,
1473,0,
1474,1,
1475,0,
1476,1,
1477,1,
1478,0,
1480,1,
1481,1,
1482,0,
1483,1,
1484,0,
1486,0,
1487,0,
1488,0,
1489,0,
1490,0,
1491,0,
1492,0,
1493,0,
1494,0,
1495,0,
1496,0,
1497,0,
1498,0,
1499,0,
1500,0,
1501,0,
1502,1,
1503,0,
1504,0,
1505,1,
1507,1,
1509,0,
1510,0,
1512,0,
1513,0,
1514,0,
1515,1,
1516,0,
1517,0,
1518,0,
1519,1,
1520,0,
1521,0,
1523,0,
1525,1,
1526,1,
1527,0,
1528,0,
1531,0,
1532,0,
1534,0,
1535,0,
1536,0,
1537,1,
1538,0,
1540,0,
1541,0,
1542,0,
1543,1,
1544,0,
1547,0,
1548,1,
1549,0,
1551,0,
1552,0,
1553,0,
1554,0,
1555,1,
1556,0,
1557,1,
1558,0,
1559,0,
1560,0,
1561,0,
1562,0,
1563,0,
1564,0,
1565,0,
1566,0,
1567,1,
1569,0,
1570,0,
1571,1,
1573,0,
1574,0,
1575,0,
1576,0,
1577,0,
1578,0,
1579,1,
1581,1,
1582,0,
1583,0,
1584,0,
1585,0,
1586,0,
1587,0,
1588,1,
1589,1,
1590,0,
1591,0,
1592,0,
1593,0,
1594,0,
1595,0,
1596,0,
1597,1,
1598,0,
1599,0,
1600,0,
1601,1,
1602,0,
1604,0,
1605,0,
1606,0,
1607,0,
1608,1,
1609,0,
1610,1,
1611,0,
1612,0,
1614,0,
1616,1,
1618,0,
1619,1,
1620,0,
1621,0,
1622,0,
1623,0,
1624,0,
1625,0,
1627,1,
1628,0,
1630,0,
1631,0,
1632,1,
1633,0,
1634,0,
1635,0,
1636,0,
1637,0,
1638,0,
1639,0,
1640,0,
1641,0,
1642,0,
1643,0,
1644,1,
1646,0,
1647,1,
1648,1,
1650,0,
1651,0,
1652,1,
1653,0,
1654,0,
1655,1,
1656,0,
1657,1,
1658,0,
1659,1,
1660,0,
1661,1,
1662,0,
1663,0,
1664,1,
1665,0,
1666,0,
1667,0,
1668,0,
1669,0,
1670,0,
1672,0,
1673,0,
1674,0,
1675,0,
1676,0,
1677,1,
1678,0,
1679,0,
1680,0,
1681,0,
1683,1,
1684,0,
1686,1,
1687,0,
1688,0,
1689,0,
1690,0,
1691,0,
1692,0,
1693,0,
1694,0,
1695,0,
1696,0,
1697,1,
1698,0,
1699,0,
1700,0,
1701,0,
1704,0,
1705,0,
1706,0,
1707,0,
1708,1,
1709,0,
1710,1,
1711,0,
1712,0,
1713,0,
1714,0,
1715,0,
1717,0,
1718,0,
1719,0,
1720,0,
1721,0,
1722,0,
1724,0,
1725,0,
1726,0,
1727,0,
1728,0,
1730,0,
1731,0,
1732,0,
1734,0,
1735,1,
1736,1,
1737,0,
1739,1,
1740,1,
1741,0,
1742,1,
1743,0,
1744,0,
1745,0,
1746,0,
1747,0,
1748,0,
1749,1,
1750,0,
1751,1,
1752,0,
1753,0,
1754,0,
1755,1,
1757,0,
1758,0,
1759,0,
1760,0,
1761,1,
1762,0,
1763,1,
1764,0,
1765,0,
1766,1,
1767,0,
1768,0,
1769,0,
1772,0,
1773,1,
1774,0,
1775,0,
1776,0,
1777,0,
1778,0,
1779,1,
1780,0,
1781,1,
1782,0,
1784,0,
1785,0,
1786,0,
1787,1,
1788,0,
1789,0,
1790,0,
1791,0,
1793,0,
1794,0,
1796,1,
1797,0,
1798,0,
1799,0,
1800,1,
1801,1,
1802,1,
1803,0,
1804,0,
1805,0,
1806,0,
1807,0,
1808,1,
1809,0,
1810,0,
1812,0,
1814,0,
1816,0,
1817,1,
1818,0,
1819,0,
1820,0,
1821,0,
1822,0,
1823,1,
1824,1,
1825,0,
1826,1,
1827,0,
1828,0,
1829,0,
1830,0,
1831,1,
1832,0,
1834,0,
1835,0,
1836,1,
1837,0,
1838,0,
1839,0,
1840,0,
1841,0,
1842,0,
1843,0,
1844,0,
1845,0,
1846,0,
1847,0,
1848,1,
1849,0,
1850,1,
1851,0,
1852,1,
1853,0,
1854,0,
1855,1,
1856,1,
1857,0,
1858,1,
1859,1,
1860,0,
1861,0,
1862,0,
1863,1,
1864,0,
1865,1,
1866,0,
1867,0,
1868,0,
1869,1,
1870,1,
1871,0,
1872,0,
1874,0,
1875,0,
1876,1,
1877,1,
1878,0,
1879,0,
1880,0,
1881,0,
1882,0,
1883,0,
1884,0,
1885,0,
1886,0,
1887,0,
1888,1,
1889,0,
1891,0,
1893,0,
1894,0,
1895,0,
1896,0,
1897,0,
1898,0,
1899,0,
1900,0,
1901,0,
1902,1,
1904,0,
1905,0,
1906,0,
1907,0,
1908,0,
1910,0,
1911,0,
1912,0,
1914,0,
1915,0,
1916,0,
1917,0,
1918,0,
1919,0,
1920,1,
1921,0,
1923,0,
1924,0,
1925,0,
1926,0,
1927,0,
1928,1,
1929,0,
1930,0,
1931,0,
1932,0,
1934,0,
1936,1,
1937,0,
1939,1,
1941,0,
1942,0,
1943,0,
1945,0,
1946,1,
1947,0,
1948,0,
1949,0,
1950,0,
1951,1,
1952,0,
1953,1,
1954,0,
1956,1,
1957,0,
1958,0,
1959,0,
1960,0,
1961,0,
1963,0,
1967,1,
1968,0,
1969,1,
1970,0,
1971,0,
1972,0,
1973,0,
1974,1,
1975,0,
1976,0,
1979,0,
1980,0,
1981,0,
1982,0,
1983,0,
1984,0,
1985,0,
1986,0,
1987,0,
1988,0,
1990,0,
1991,0,
1993,0,
1994,0,
1995,0,
1996,0,
1997,0,
1998,0,
1999,0,
2000,0,
2001,0,
2002,0,
2003,0,
2004,0,
2005,0,
2006,0,
2007,0,
2008,0,
2009,0,
2010,1,
2012,0,
2013,0,
2014,0,
2015,0,
2016,0,
2018,0,
2019,0,
2020,1,
2021,0,
2022,0,
2023,0,
2024,1,
2025,0,
2026,1,
2027,0,
2028,1,
2029,0,
2030,0,
2031,0,
2033,1,
2034,0,
2035,0,
2036,1,
2038,0,
2039,1,
2041,0,
2042,0,
2043,1,
2044,0,
2045,0,
2046,0,
2047,0,
2048,1,
2049,0,
2050,0,
2051,1,
2052,0,
2054,0,
2055,0,
2057,0,
2059,0,
2060,0,
2061,0,
2062,0,
2063,0,
2064,1,
2066,1,
2067,0,
2068,1,
2069,0,
2070,0,
2071,0,
2072,0,
2074,0,
2075,0,
2077,0,
2078,0,
2080,0,
2082,0,
2083,0,
2084,0,
2085,0,
2086,0,
2087,0,
2089,0,
2090,1,
2091,1,
2092,0,
2093,1,
2094,0,
2096,0,
2098,1,
2099,0,
2100,0,
2101,0,
2102,0,
2103,0,
2104,0,
2105,0,
2106,0,
2109,0,
2110,1,
2111,0,
2112,0,
2113,0,
2114,1,
2116,0,
2117,0,
2118,0,
2119,0,
2120,0,
2121,1,
2122,0,
2123,0,
2124,0,
2125,0,
2126,0,
2127,1,
2128,0,
2129,0,
2130,0,
2131,1,
2132,0,
2133,1,
2134,0,
2135,0,
2136,0,
2137,0,
2139,0,
2140,0,
2141,0,
2142,0,
2143,0,
2144,0,
2145,0,
2146,0,
2147,0,
2148,0,
2149,0,
2150,0,
2151,0,
2153,0,
2154,0,
2155,0,
2156,0,
2157,1,
2158,0,
2159,1,
2160,0,
2161,1,
2162,0,
2163,1,
2164,0,
2165,1,
2166,0,
2167,0,
2168,1,
2169,0,
2170,0,
2171,0,
2172,0,
2173,0,
2174,0,
2175,1,
2176,1,
2177,1,
2178,0,
2179,0,
2180,0,
2181,0,
2182,0,
2183,0,
2184,1,
2185,0,
2186,0,
2187,1,
2188,0,
2189,0,
2190,1,
2191,0,
2192,0,
2193,0,
2194,1,
2195,0,
2196,0,
2197,0,
2199,0,
2200,1,
2201,0,
2202,0,
2203,0,
2204,1,
2205,0,
2206,0,
2207,0,
2208,1,
2209,0,
2211,0,
2212,0,
2214,0,
2216,0,
2217,1,
2218,0,
2219,0,
2220,0,
2221,0,
2222,1,
2223,0,
2224,0,
2225,0,
2227,0,
2228,0,
2229,0,
2230,0,
2231,1,
2232,1,
2233,0,
2234,0,
2236,0,
2238,0,
2241,1,
2242,0,
2243,0,
2244,0,
2245,0,
2246,0,
2247,0,
2248,0,
2249,0,
2250,0,
2251,0,
2253,0,
2254,1,
2255,0,
2256,0,
2257,0,
2258,0,
2259,0,
2260,0,
2261,0,
2262,0,
2263,0,
2264,0,
2265,0,
2267,0,
2268,0,
2269,0,
2270,1,
2272,0,
2273,0,
2275,1,
2276,0,
2277,0,
2278,1,
2280,0,
2281,0,
2282,0,
2283,1,
2285,0,
2286,0,
2288,0,
2289,0,
2290,0,
2292,0,
2293,0,
2294,1,
2295,1,
2296,0,
2297,0,
2298,0,
2299,1,
2300,0,
2301,0,
2302,0,
2303,0,
2304,1,
2305,0,
2306,0,
2307,0,
2308,0,
2309,0,
2310,0,
2311,0,
2312,1,
2313,0,
2314,0,
2315,1,
2316,0,
2317,0,
2318,0,
2319,0,
2320,1,
2321,0,
2322,1,
2323,0,
2324,0,
2325,0,
2326,0,
2327,0,
2328,0,
2332,0,
2333,1,
2335,1,
2336,0,
2337,0,
2338,0,
2339,1,
2340,0,
2341,0,
2342,0,
2344,1,
2345,0,
2346,0,
2347,1,
2348,0,
2349,0,
2350,0,
2351,0,
2352,0,
2353,0,
2354,0,
2355,0,
2356,0,
2357,1,
2358,0,
2359,0,
2360,0,
2361,0,
2362,0,
2363,0,
2364,0,
2365,0,
2366,0,
2367,0,
2368,0,
2369,1,
2370,0,
2372,0,
2373,1,
2375,1,
2376,0,
2377,0,
2378,0,
2379,0,
2380,0,
2381,0,
2382,0,
2383,0,
2384,0,
2385,1,
2386,0,
2387,0,
2388,0,
2389,0,
2390,0,
2391,1,
2392,0,
2393,0,
2394,0,
2395,0,
2396,0,
2397,0,
2398,0,
2399,0,
2400,0,
2401,0,
2402,1,
2403,1,
2404,1,
2405,0,
2407,1,
2408,0,
2409,1,
2411,0,
2412,0,
2413,1,
2415,0,
2416,0,
2418,0,
2419,0,
2420,0,
2422,0,
2423,0,
2424,0,
2425,0,
2426,1,
2428,0,
2429,0,
2430,1,
2431,1,
2432,0,
2433,0,
2434,0,
2435,0,
2436,0,
2437,0,
2438,0,
2440,0,
2441,0,
2442,0,
2443,0,
2444,0,
2445,0,
2446,0,
2447,0,
2448,0,
2449,0,
2450,0,
2451,0,
2452,0,
2453,0,
2454,0,
2455,0,
2458,0,
2459,1,
2460,0,
2461,1,
2463,0,
2464,0,
2465,1,
2466,1,
2467,0,
2468,0,
2470,1,
2471,0,
2472,0,
2474,0,
2475,0,
2476,0,
2478,0,
2479,0,
2480,0,
2481,1,
2482,0,
2483,0,
2484,0,
2488,1,
2489,0,
2490,0,
2491,0,
2492,0,
2493,0,
2494,1,
2495,0,
2496,0,
2497,0,
2498,0,
2499,1,
2500,0,
2501,1,
2502,0,
2503,0,
2504,1,
2505,1,
2507,0,
2508,1,
2509,0,
2510,0,
2511,1,
2512,0,
2513,0,
2514,1,
2515,0,
2516,0,
2517,0,
2518,0,
2519,0,
2520,0,
2521,0,
2522,0,
2523,0,
2524,0,
2525,0,
2526,1,
2527,0,
2528,0,
2529,0,
2530,0,
2531,1,
2532,0,
2534,0,
2535,0,
2536,1,
2538,0,
2540,1,
2541,0,
2542,0,
2543,0,
2544,0,
2545,0,
2546,0,
2547,0,
2548,0,
2549,1,
2550,0,
2551,0,
2552,0,
2553,1,
2554,0,
2555,0,
2556,1,
2558,1,
2560,0,
2561,1,
2562,1,
2563,0,
2564,1,
2565,0,
2566,0,
2567,1,
2568,0,
2570,0,
2571,0,
2572,0,
2573,0,
2574,0,
2576,0,
2577,0,
2578,0,
2579,0,
2580,1,
2581,0,
2582,0,
2583,0,
2584,0,
2585,0,
2586,0,
2587,0,
2588,1,
2589,1,
2591,0,
2592,0,
2593,0,
2594,0,
2595,0,
2596,0,
2598,0,
2599,1,
2600,0,
2601,0,
2602,1,
2603,0,
2605,0,
2606,0,
2607,1,
2608,0,
2609,0,
2610,0,
2611,0,
2612,0,
2613,0,
2614,0,
2615,0,
2616,0,
2617,1,
2618,1,
2619,0,
2620,0,
2621,0,
2622,0,
2623,1,
2624,0,
2625,0,
2627,0,
2628,0,
2629,0,
2630,0,
2631,0,
2632,0,
2633,0,
2634,0,
2636,0,
2637,0,
2638,0,
2639,0,
2640,0,
2641,0,
2642,0,
2643,0,
2644,0,
2645,0,
2646,0,
2649,0,
2652,1,
2653,0,
2654,0,
2655,0,
2656,0,
2657,0,
2658,1,
2659,0,
2660,1,
2661,0,
2663,0,
2664,1,
2666,1,
2667,0,
2668,1,
2669,0,
2670,1,
2671,0,
2672,1,
2673,0,
2674,0,
2675,0,
2677,1,
2678,1,
2679,0,
2680,0,
2682,0,
2683,1,
2684,0,
2686,0,
2687,0,
2688,0,
2689,0,
2690,0,
2691,0,
2692,0,
2693,0,
2695,1,
2696,0,
2697,1,
2698,1,
2699,0,
2700,0,
2701,0,
2702,0,
2703,0,
2704,1,
2705,0,
2706,1,
2707,0,
2708,1,
2709,0,
2710,0,
2711,0,
2712,0,
2714,0,
2715,0,
2716,0,
2717,0,
2718,1,
2719,1,
2720,0,
2721,1,
2722,0,
2723,0,
2724,0,
2725,0,
2726,0,
2727,0,
2728,1,
2729,0,
2730,0,
2731,1,
2733,0,
2734,1,
2735,0,
2736,0,
2737,0,
2740,0,
2741,1,
2742,0,
2743,0,
2744,0,
2745,0,
2746,1,
2748,0,
2749,0,
2750,0,
2751,0,
2753,1,
2754,0,
2755,0,
2756,0,
2757,0,
2758,1,
2759,0,
2760,0,
2761,0,
2762,0,
2764,0,
2766,0,
2767,0,
2768,0,
2769,0,
2770,0,
2771,1,
2773,0,
2774,1,
2777,1,
2778,0,
2779,0,
2780,1,
2781,0,
2784,1,
2785,0,
2787,1,
2788,0,
2789,1,
2790,1,
2791,0,
2793,0,
2794,0,
2795,0,
2797,0,
2798,1,
2799,0,
2800,1,
2801,0,
2803,0,
2804,0,
2805,1,
2806,1,
2807,0,
2808,0,
2809,0,
2810,0,
2811,0,
2812,0,
2813,0,
2814,0,
2815,0,
2816,0,
2817,1,
2818,0,
2819,1,
2820,0,
2821,0,
2822,0,
2823,0,
2824,0,
2825,0,
2827,1,
2828,1,
2829,0,
2830,0,
2832,0,
2833,0,
2834,0,
2836,0,
2837,0,
2838,0,
2839,1,
2840,0,
2841,0,
2842,0,
2843,0,
2844,1,
2845,0,
2846,1,
2847,0,
2848,0,
2849,0,
2850,0,
2851,0,
2852,0,
2853,0,
2855,1,
2856,0,
2857,0,
2858,0,
2860,0,
2861,0,
2862,0,
2863,0,
2864,1,
2865,0,
2866,0,
2867,0,
2868,0,
2871,0,
2872,0,
2873,0,
2874,0,
2875,0,
2876,0,
2877,0,
2878,0,
2879,0,
2880,1,
2881,0,
2883,1,
2884,0,
2885,1,
2887,0,
2889,0,
2890,0,
2891,0,
2893,1,
2894,0,
2895,0,
2896,0,
2897,1,
2898,0,
2899,0,
2900,0,
2901,0,
2902,1,
2903,0,
2904,0,
2905,1,
2906,1,
2908,0,
2909,1,
2910,0,
2911,0,
2913,0,
2914,0,
2916,0,
2917,0,
2918,0,
2919,0,
2920,0,
2921,0,
2922,1,
2923,1,
2924,1,
2925,0,
2926,0,
2927,1,
2928,1,
2929,1,
2930,0,
2931,0,
2932,0,
2933,0,
2934,0,
2935,0,
2936,0,
2937,1,
2938,0,
2939,0,
2940,0,
2941,0,
2942,0,
2943,0,
2944,0,
2945,1,
2946,0,
2947,0,
2948,1,
2949,0,
2950,0,
2951,1,
2952,1,
2953,0,
2954,0,
2955,0,
2956,0,
2957,0,
2958,0,
2959,0,
2960,0,
2961,0,
2962,0,
2963,0,
2964,0,
2965,1,
2966,1,
2967,1,
2968,0,
2969,0,
2970,0,
2971,0,
2972,0,
2973,0,
2974,0,
2975,1,
2976,0,
2977,0,
2978,1,
2979,0,
2980,0,
2981,0,
2982,0,
2984,1,
2985,0,
2986,0,
2987,0,
2988,0,
2989,1,
2990,0,
2992,0,
2993,0,
2994,0,
2995,0,
2996,1,
2997,0,
2998,0,
2999,0,
3000,0,
3001,1,
3002,0,
3003,0,
3004,0,
3005,0,
3006,1,
3007,0,
3008,0,
3009,1,
3010,1,
3011,1,
3012,0,
3013,0,
3015,1,
3016,0,
3017,0,
3018,1,
3019,1,
3020,0,
3021,0,
3022,0,
3023,0,
3024,0,
3025,1,
3026,0,
3027,0,
3028,0,
3029,0,
3030,1,
3031,0,
3032,0,
3033,0,
3035,0,
3038,0,
3039,0,
3041,0,
3042,0,
3043,0,
3045,0,
3046,1,
3047,1,
3048,0,
3049,0,
3050,0,
3053,0,
3055,0,
3056,0,
3057,0,
3058,0,
3059,0,
3060,0,
3061,0,
3062,1,
3063,0,
3064,0,
3065,1,
3066,0,
3068,0,
3069,0,
3071,0,
3072,1,
3073,0,
3074,0,
3075,0,
3076,0,
3077,1,
3078,0,
3079,1,
3080,0,
3082,1,
3083,0,
3084,0,
3085,0,
3087,0,
3088,0,
3090,0,
3092,0,
3093,0,
3094,1,
3095,0,
3096,1,
3097,0,
3098,0,
3100,1,
3101,0,
3103,0,
3106,0,
3107,0,
3108,0,
3109,0,
3110,0,
3111,0,
3112,0,
3113,0,
3114,0,
3116,0,
3117,0,
3118,0,
3119,0,
3120,0,
3121,1,
3122,0,
3123,0,
3124,0,
3125,0,
3126,0,
3127,1,
3128,0,
3129,0,
3130,1,
3131,0,
3132,1,
3133,0,
3134,0,
3135,1,
3137,0,
3138,0,
3139,0,
3140,0,
3141,0,
3142,1,
3143,0,
3144,0,
3145,0,
3146,0,
3147,0,
3148,0,
3149,0,
3150,0,
3151,0,
3152,0,
3153,0,
3155,1,
3157,0,
3158,0,
3159,0,
3160,0,
3161,0,
3162,0,
3163,0,
3164,0,
3165,0,
3166,0,
3167,0,
3168,0,
3169,0,
3170,0,
3171,1,
3172,0,
3173,1,
3174,0,
3176,0,
3177,0,
3178,0,
3179,0,
3180,0,
3181,0,
3182,0,
3184,0,
3185,0,
3186,0,
3187,0,
3188,0,
3189,0,
3191,0,
3192,1,
3193,0,
3194,0,
3195,0,
3196,0,
3197,0,
3198,0,
3199,0,
3200,0,
3201,0,
3202,0,
3203,1,
3204,1,
3205,0,
3206,1,
3207,0,
3208,0,
3209,1,
3210,0,
3211,0,
3212,0,
3213,0,
3214,0,
3215,1,
3216,0,
3217,0,
3218,0,
3219,1,
3220,0,
3221,0,
3222,0,
3223,0,
3224,0,
3225,1,
3226,0,
3227,0,
3228,0,
3229,1,
3230,0,
3231,0,
3232,0,
3233,1,
3234,1,
3235,0,
3236,0,
3237,0,
3239,0,
3240,0,
3241,0,
3242,0,
3243,0,
3244,0,
3246,1,
3247,0,
3248,1,
3250,1,
3251,1,
3252,1,
3253,0,
3254,0,
3255,0,
3256,0,
3259,0,
3260,0,
3262,0,
3263,0,
3266,0,
3267,0,
3268,0,
3269,0,
3270,1,
3271,0,
3272,0,
3273,0,
3274,0,
3275,1,
3276,0,
3277,0,
3278,1,
3279,1,
3280,0,
3281,0,
3282,0,
3284,1,
3285,0,
3286,0,
3287,0,
3288,0,
3289,0,
3290,0,
3291,0,
3294,0,
3295,0,
3296,0,
3299,0,
3300,0,
3301,1,
3302,1,
3304,1,
3305,0,
3306,0,
3307,0,
3308,0,
3309,1,
3310,0,
3311,0,
3312,1,
3313,0,
3314,1,
3315,1,
3316,0,
3317,1,
3318,0,
3319,0,
3320,0,
3321,0,
3323,0,
3325,0,
3328,0,
3329,0,
3330,0,
3331,0,
3332,0,
3333,1,
3334,1,
3336,0,
3337,1,
3338,0,
3340,0,
3341,0,
3342,0,
3343,1,
3344,0,
3345,0,
3346,0,
3347,0,
3348,0,
3349,0,
3351,0,
3352,0,
3353,0,
3354,0,
3355,0,
3356,1,
3358,1,
3359,0,
3361,0,
3363,0,
3365,0,
3366,1,
3367,0,
3368,0,
3369,0,
3370,0,
3371,0,
3372,1,
3373,0,
3374,0,
3376,1,
3377,0,
3378,0,
3379,0,
3381,0,
3382,0,
3383,0,
3384,0,
3386,1,
3387,0,
3388,0,
3390,0,
3391,0,
3392,0,
3393,1,
3394,0,
3395,0,
3396,0,
3397,0,
3399,1,
3400,0,
3401,1,
3403,0,
3404,0,
3405,0,
3406,0,
3407,0,
3408,0,
3409,0,
3410,0,
3411,0,
3412,1,
3413,0,
3414,1,
3415,0,
3417,0,
3418,0,
3419,0,
3422,1,
3423,0,
3424,0,
3426,0,
3427,1,
3428,1,
3429,0,
3430,0,
3431,0,
3432,0,
3433,0,
3434,0,
3435,1,
3436,0,
3437,0,
3439,0,
3440,1,
3442,0,
3444,0,
3446,1,
3447,0,
3449,0,
3450,0,
3451,1,
3453,0,
3454,1,
3455,0,
3456,0,
3457,0,
3459,0,
3460,0,
3462,0,
3463,0,
3464,1,
3465,0,
3466,1,
3467,0,
3468,0,
3469,0,
3470,0,
3471,0,
3472,0,
3473,0,
3474,0,
3475,0,
3476,0,
3477,0,
3478,0,
3479,0,
3480,0,
3481,1,
3482,0,
3483,0,
3484,0,
3485,0,
3486,1,
3487,1,
3488,0,
3490,0,
3491,1,
3492,0,
3493,0,
3494,0,
3495,0,
3496,1,
3497,0,
3498,1,
3499,1,
3500,1,
3501,1,
3502,1,
3504,0,
3505,0,
3506,1,
3507,0,
3508,0,
3509,0,
3510,0,
3511,1,
3512,0,
3513,0,
3514,0,
3515,0,
3517,0,
3519,0,
3520,0,
3521,0,
3522,0,
3523,0,
3524,0,
3526,1,
3527,0,
3528,0,
3529,1,
3530,0,
3531,0,
3532,0,
3533,0,
3534,0,
3535,0,
3536,0,
3537,0,
3538,1,
3539,0,
3540,0,
3541,0,
3542,0,
3543,0,
3544,0,
3546,1,
3547,0,
3548,0,
3549,0,
3550,1,
3551,0,
3552,0,
3553,0,
3554,0,
3555,0,
3556,1,
3557,1,
3558,0,
3559,0,
3560,0,
3561,0,
3562,0,
3563,0,
3565,0,
3567,0,
3568,0,
3569,1,
3570,0,
3571,1,
3572,0,
3573,1,
3575,0,
3576,0,
3577,1,
3578,0,
3579,0,
3581,0,
3582,0,
3583,0,
3584,0,
3585,0,
3586,0,
3588,1,
3589,1,
3590,1,
3591,1,
3592,1,
3593,0,
3594,0,
3595,1,
3597,1,
3598,0,
3599,0,
3600,1,
3601,0,
3602,0,
3603,0,
3604,0,
3605,0,
3606,0,
3607,0,
3608,0,
3610,1,
3611,0,
3612,0,
3613,0,
3614,0,
3615,0,
3616,0,
3617,0,
3618,0,
3619,0,
3621,0,
3624,1,
3625,0,
3626,1,
3628,0,
3629,0,
3630,0,
3631,0,
3632,1,
3633,0,
3634,0,
3635,0,
3636,0,
3637,0,
3638,1,
3639,0,
3640,1,
3641,0,
3642,1,
3643,0,
3644,0,
3645,0,
3647,0,
3648,1,
3649,0,
3650,0,
3651,0,
3653,1,
3655,1,
3656,1,
3657,1,
3658,0,
3659,0,
3661,0,
3662,0,
3663,0,
3664,0,
3665,0,
3666,0,
3668,1,
3670,0,
3671,0,
3672,0,
3673,0,
3674,0,
3675,1,
3676,0,
3677,0,
3678,1,
3679,1,
3680,0,
3681,0,
3684,0,
3685,0,
3686,0,
3687,0,
3688,1,
3690,0,
3691,0,
3692,0,
3693,0,
3694,0,
3695,0,
3697,1,
3699,0,
3700,1,
3701,0,
3702,0,
3703,0,
3704,0,
3705,0,
3706,0,
3707,0,
3708,0,
3709,0,
3710,0,
3711,0,
3713,0,
3714,1,
3715,0,
3716,0,
3717,1,
3718,0,
3719,0,
3720,0,
3721,0,
3722,1,
3723,0,
3724,0,
3725,0,
3726,0,
3727,0,
3728,0,
3729,1,
3730,1,
3731,0,
3733,0,
3734,0,
3735,1,
3736,0,
3737,0,
3738,0,
3740,1,
3741,0,
3742,0,
3743,0,
3744,0,
3745,0,
3746,0,
3747,0,
3748,1,
3749,0,
3750,1,
3751,0,
3752,0,
3753,0,
3754,1,
3756,0,
3757,0,
3758,0,
3759,1,
3760,0,
3761,0,
3762,0,
3763,0,
3764,1,
3765,0,
3766,0,
3767,0,
3768,0,
3769,1,
3770,0,
3771,0,
3772,0,
3773,0,
3774,1,
3775,0,
3777,0,
3778,0,
3779,0,
3780,0,
3781,0,
3784,0,
3785,0,
3786,1,
3787,0,
3788,0,
3790,0,
3791,0,
3793,0,
3794,0,
3796,0,
3797,0,
3798,0,
3799,0,
3800,0,
3801,0,
3803,0,
3804,0,
3805,0,
3806,1,
3809,0,
3810,0,
3811,0,
3812,0,
3813,1,
3814,0,
3816,0,
3817,0,
3818,0,
3819,0,
3820,0,
3821,1,
3822,0,
3823,0,
3824,1,
3825,1,
3826,1,
3827,0,
3828,0,
3829,0,
3830,0,
3831,0,
3832,0,
3833,0,
3834,0,
3836,0,
3837,0,
3838,0,
3839,1,
3840,0,
3841,0,
3842,0,
3845,0,
3846,0,
3847,0,
3848,0,
3849,0,
3850,0,
3851,0,
3852,0,
3853,1,
3854,1,
3855,0,
3856,0,
3857,1,
3859,0,
3860,0,
3861,0,
3862,0,
3863,0,
3864,0,
3865,0,
3866,0,
3867,0,
3868,1,
3869,0,
3870,0,
3871,0,
3872,0,
3874,0,
3875,0,
3876,0,
3877,0,
3878,0,
3879,0,
3880,1,
3881,0,
3882,0,
3883,1,
3884,1,
3885,0,
3886,0,
3887,0,
3890,0,
3891,0,
3892,0,
3893,0,
3894,0,
3895,0,
3896,0,
3898,1,
3899,0,
3900,0,
3901,0,
3903,0,
3904,1,
3905,1,
3906,0,
3907,0,
3908,0,
3909,1,
3910,1,
3912,1,
3913,0,
3914,0,
3915,0,
3916,0,
3917,0,
3918,1,
3919,0,
3920,0,
3921,0,
3922,0,
3924,0,
3925,0,
3926,0,
3927,0,
3928,1,
3929,0,
3930,0,
3932,0,
3933,1,
3934,0,
3935,0,
3936,1,
3937,1,
3938,1,
3940,0,
3941,0,
3942,0,
3943,0,
3944,0,
3945,0,
3946,0,
3947,0,
3948,1,
3949,0,
3952,1,
3953,1,
3954,1,
3955,0,
3956,0,
3957,1,
3958,0,
3959,0,
3960,0,
3961,0,
3962,0,
3963,0,
3964,1,
3965,0,
3966,0,
3967,0,
3968,0,
3969,0,
3970,0,
3971,0,
3973,1,
3974,0,
3975,0,
3976,0,
3977,0,
3978,0,
3980,0,
3982,1,
3983,0,
3984,0,
3985,0,
3987,0,
3988,1,
3989,0,
3990,1,
3991,0,
3993,1,
3994,1,
3995,0,
3996,0,
3997,0,
3998,0,
3999,0,
4000,1,
4002,0,
4005,0,
4007,1,
4008,0,
4009,0,
4010,1,
4011,0,
4013,0,
4014,0,
4017,0,
4018,0,
4019,0,
4020,0,
4021,0,
4022,0,
4023,0,
4024,0,
4025,0,
4026,0,
4027,0,
4028,1,
4029,0,
4030,0,
4031,0,
4032,0,
4034,0,
4035,0,
4036,0,
4037,0,
4039,0,
4040,0,
4041,0,
4043,0,
4044,1,
4046,0,
4047,0,
4048,1,
4050,0,
4051,0,
4052,0,
4053,1,
4055,0,
4056,0,
4057,1,
4058,0,
4059,1,
4060,0,
4061,0,
4062,0,
4063,1,
4065,0,
4066,1,
4067,0,
4068,0,
4069,1,
4070,0,
4071,0,
4072,0,
4073,0,
4074,1,
4075,0,
4076,0,
4077,0,
4078,0,
4079,0,
4080,0,
4081,0,
4082,0,
4083,0,
4084,1,
4085,0,
4086,0,
4087,0,
4088,0,
4089,0,
4090,0,
4091,0,
4092,0,
4093,0,
4094,0,
4095,0,
4096,0,
4097,0,
4098,1,
4099,0,
4100,0,
4101,0,
4102,1,
4103,0,
4104,1,
4105,0,
4107,0,
4108,1,
4109,0,
4110,0,
4111,1,
4112,0,
4113,0,
4114,0,
4115,0,
4116,1,
4117,0,
4118,1,
4119,1,
4120,1,
4121,0,
4122,1,
4123,0,
4124,0,
4125,0,
4126,0,
4127,0,
4128,1,
4129,1,
4131,0,
4132,0,
4133,0,
4134,0,
4135,0,
4136,0,
4137,0,
4138,0,
4139,0,
4140,0,
4141,0,
4142,0,
4143,0,
4144,0,
4145,0,
4146,0,
4147,1,
4149,1,
4150,0,
4152,1,
4153,0,
4155,0,
4156,0,
4157,0,
4158,0,
4159,0,
4160,0,
4161,1,
4162,0,
4163,0,
4164,0,
4165,1,
4166,0,
4167,1,
4168,0,
4169,1,
4170,0,
4171,0,
4172,0,
4173,0,
4174,0,
4175,1,
4178,1,
4180,1,
4181,0,
4182,1,
4184,0,
4185,0,
4187,0,
4188,0,
4189,0,
4190,1,
4191,0,
4192,0,
4193,1,
4194,0,
4195,0,
4196,0,
4197,0,
4198,0,
4201,0,
4202,0,
4203,1,
4204,1,
4205,0,
4206,0,
4207,0,
4208,0,
4209,0,
4212,0,
4213,0,
4214,0,
4215,0,
4217,0,
4218,0,
4219,0,
4220,1,
4221,0,
4222,1,
4223,0,
4224,0,
4226,1,
4227,1,
4228,0,
4229,1,
4230,0,
4231,0,
4232,0,
4233,1,
4234,0,
4235,0,
4236,0,
4237,0,
4238,1,
4239,1,
4240,0,
4241,0,
4244,1,
4248,0,
4249,1,
4250,1,
4251,0,
4252,0,
4253,0,
4255,0,
4256,0,
4257,0,
4258,0,
4261,0,
4264,0,
4265,0,
4266,0,
4267,1,
4268,1,
4269,0,
4270,1,
4271,1,
4272,0,
4273,0,
4274,0,
4275,0,
4276,0,
4277,0,
4278,0,
4279,0,
4281,0,
4282,0,
4284,0,
4285,0,
4286,0,
4287,0,
4288,0,
4289,0,
4290,0,
4291,0,
4292,0,
4293,0,
4295,0,
4296,0,
4299,1,
4300,0,
4301,0,
4303,0,
4304,1,
4305,1,
4306,0,
4307,1,
4308,0,
4310,0,
4312,0,
4313,0,
4314,0,
4315,0,
4316,1,
4317,0,
4318,0,
4321,1,
4322,0,
4323,0,
4324,0,
4326,0,
4327,0,
4328,1,
4329,0,
4330,1,
4332,0,
4333,0,
4334,0,
4335,0,
4336,0,
4337,0,
4338,0,
4339,0,
4342,0,
4343,1,
4344,0,
4345,0,
4347,0,
4348,0,
4349,1,
4350,0,
4351,0,
4352,0,
4353,0,
4354,1,
4355,1,
4356,0,
4357,0,
4358,0,
4359,0,
4360,0,
4361,0,
4362,0,
4363,0,
4364,1,
4365,0,
4366,0,
4368,0,
4369,0,
4370,1,
4371,0,
4372,0,
4373,0,
4374,0,
4375,0,
4376,0,
4378,0,
4379,0,
4381,0,
4383,1,
4384,0,
4385,0,
4386,0,
4387,0,
4388,1,
4389,0,
4390,1,
4391,0,
4392,0,
4393,0,
4394,1,
4395,0,
4396,0,
4399,1,
4400,0,
4401,1,
4402,0,
4403,1,
4404,0,
4405,0,
4406,0,
4407,1,
4409,0,
4410,1,
4411,0,
4412,0,
4414,0,
4415,0,
4416,0,
4417,1,
4418,0,
4419,0,
4420,0,
4421,1,
4422,0,
4423,0,
4424,0,
4425,0,
4426,0,
4428,1,
4429,1,
4430,0,
4431,0,
4432,0,
4433,0,
4434,0,
4435,0,
4436,0,
4437,0,
4438,0,
4439,1,
4440,0,
4441,0,
4442,0,
4443,0,
4444,0,
4445,0,
4446,0,
4447,0,
4448,1,
4449,1,
4450,0,
4451,0,
4452,1,
4453,0,
4454,0,
4455,0,
4456,0,
4457,0,
4458,0,
4459,0,
4460,0,
4461,0,
4463,1,
4464,0,
4465,0,
4466,0,
4467,1,
4468,0,
4469,0,
4470,0,
4471,0,
4472,0,
4474,1,
4475,0,
4476,0,
4477,0,
4479,0,
4480,1,
4481,0,
4482,0,
4483,0,
4484,0,
4485,0,
4486,0,
4487,1,
4488,0,
4490,0,
4491,1,
4492,0,
4493,1,
4494,0,
4495,0,
4496,0,
4497,0,
4498,0,
4499,0,
4500,1,
4501,0,
4502,0,
4503,0,
4504,1,
4505,0,
4508,1,
4509,0,
4510,1,
4512,1,
4514,0,
4515,0,
4516,0,
4517,0,
4518,0,
4519,0,
4520,1,
4521,1,
4522,0,
4523,0,
4525,0,
4526,1,
4527,0,
4528,0,
4529,0,
4530,0,
4531,0,
4532,0,
4533,1,
4534,0,
4535,1,
4536,0,
4537,0,
4538,0,
4539,0,
4540,0,
4543,0,
4544,0,
4546,0,
4547,1,
4548,0,
4550,0,
4551,0,
4552,1,
4554,0,
4555,0,
4556,0,
4557,0,
4558,0,
4559,1,
4560,0,
4561,0,
4563,0,
4564,0,
4565,0,
4566,0,
4567,0,
4568,1,
4569,1,
4570,0,
4571,0,
4572,1,
4573,0,
4574,0,
4575,0,
4576,0,
4578,0,
4579,0,
4580,1,
4581,0,
4582,1,
4583,0,
4585,0,
4586,0,
4587,0,
4588,0,
4589,1,
4590,0,
4592,0,
4593,0,
4594,0,
4596,0,
4597,0,
4598,1,
4599,0,
4600,0,
4601,0,
4602,1,
4603,0,
4605,0,
4606,0,
4607,0,
4608,0,
4609,0,
4610,0,
4611,0,
4612,1,
4613,1,
4614,0,
4615,0,
4616,0,
4617,0,
4618,1,
4619,0,
4621,0,
4623,0,
4627,0,
4628,0,
4629,1,
4631,0,
4632,1,
4633,0,
4634,1,
4635,0,
4636,0,
4637,1,
4638,0,
4639,0,
4640,0,
4641,0,
4642,0,
4644,0,
4645,0,
4646,1,
4648,0,
4649,0,
4650,1,
4651,0,
4652,1,
4653,1,
4655,0,
4656,0,
4657,0,
4658,1,
4659,0,
4660,1,
4661,0,
4663,0,
4664,0,
4668,0,
4671,0,
4672,0,
4673,0,
4674,0,
4677,0,
4678,0,
4679,0,
4680,0,
4681,1,
4682,1,
4683,1,
4684,1,
4685,0,
4686,0,
4687,0,
4688,0,
4689,0,
4690,1,
4691,0,
4692,1,
4693,0,
4694,0,
4695,0,
4696,0,
4697,0,
4698,0,
4699,1,
4700,1,
4701,0,
4702,0,
4703,0,
4704,0,
4705,0,
4706,0,
4709,0,
4710,0,
4711,0,
4712,0,
4713,0,
4714,1,
4715,0,
4717,0,
4718,1,
4719,0,
4720,1,
4721,0,
4722,1,
4725,1,
4726,1,
4727,0,
4728,0,
4730,1,
4731,0,
4732,0,
4733,1,
4734,0,
4736,0,
4737,0,
4738,0,
4739,0,
4740,0,
4741,0,
4742,0,
4743,1,
4744,0,
4745,1,
4746,0,
4747,0,
4748,0,
4749,0,
4751,0,
4752,0,
4753,1,
4754,1,
4755,0,
4756,0,
4757,0,
4758,0,
4759,0,
4760,0,
4765,0,
4766,0,
4767,1,
4768,0,
4770,0,
4771,0,
4772,0,
4773,0,
4774,0,
4775,0,
4776,0,
4777,0,
4779,0,
4780,0,
4781,1,
4782,0,
4783,0,
4784,1,
4785,0,
4786,0,
4787,0,
4788,0,
4789,0,
4790,0,
4791,0,
4792,0,
4793,0,
4794,0,
4795,0,
4796,1,
4797,0,
4798,1,
4799,0,
4800,0,
4801,1,
4802,0,
4803,0,
4805,0,
4806,0,
4807,0,
4808,1,
4809,0,
4810,0,
4811,0,
4812,0,
4813,0,
4814,0,
4815,1,
4816,0,
4817,1,
4818,0,
4819,1,
4820,0,
4821,0,
4822,0,
4823,0,
4824,0,
4825,1,
4826,1,
4827,0,
4828,0,
4829,1,
4830,0,
4831,0,
4832,0,
4834,0,
4835,0,
4837,0,
4838,0,
4839,0,
4840,0,
4842,0,
4843,1,
4844,0,
4845,0,
4846,0,
4847,1,
4848,0,
4849,0,
4850,1,
4851,0,
4853,1,
4854,0,
4855,0,
4856,0,
4858,0,
4859,0,
4860,0,
4861,1,
4862,1,
4863,1,
4864,0,
4865,0,
4866,0,
4867,0,
4868,1,
4869,0,
4870,0,
4871,0,
4873,0,
4874,0,
4876,1,
4877,1,
4878,0,
4879,0,
4880,0,
4882,1,
4883,0,
4885,0,
4886,0,
4887,1,
4888,0,
4889,0,
4890,1,
4891,0,
4892,1,
4893,0,
4894,0,
4895,1,
4896,1,
4897,0,
4898,0,
4899,0,
4900,0,
4901,0,
4902,0,
4903,0,
4904,0,
4905,1,
4906,0,
4907,0,
4908,0,
4909,0,
4910,0,
4911,0,
4913,1,
4915,1,
4916,0,
4917,1,
4918,1,
4919,0,
4920,0,
4921,0,
4922,0,
4923,0,
4924,0,
4925,0,
4926,1,
4927,0,
4928,0,
4929,1,
4930,1,
4931,0,
4932,0,
4933,0,
4934,0,
4935,1,
4936,1,
4937,0,
4938,0,
4939,1,
4940,0,
4941,1,
4942,0,
4943,0,
4944,0,
4945,0,
4946,1,
4947,0,
4949,1,
4950,1,
4951,0,
4953,0,
4954,0,
4955,0,
4956,0,
4957,0,
4958,0,
4959,0,
4961,0,
4962,0,
4964,0,
4965,0,
4966,0,
4967,0,
4968,1,
4969,0,
4970,0,
4971,0,
4972,0,
4973,0,
4975,0,
4978,1,
4979,0,
4980,0,
4981,1,
4982,0,
4983,0,
4984,0,
4985,0,
4986,0,
4987,0,
4988,0,
4989,0,
4990,0,
4991,0,
4992,0,
4993,0,
4994,0,
4995,0,
4996,1,
4997,1,
4998,1,
4999,0,
